{"0": {"precision": 0.95857, "recall": 0.99492, "f1-score": 0.97641, "support": 42909.0}, "1": {"precision": 0.93249, "recall": 0.62006, "f1-score": 0.74484, "support": 4856.0}, "accuracy": 0.95681, "macro avg": {"precision": 0.94553, "recall": 0.80749, "f1-score": 0.86062, "support": 47765.0}, "weighted avg": {"precision": 0.95592, "recall": 0.95681, "f1-score": 0.95287, "support": 47765.0}}